Date,Description,Amount,Balance
02/07/2025,"VISA PURCHASE 02/07 BUNNINGS 9178 PARRAMATTA",-1874.47,2375.53
03/07/2025,"DIRECT CREDIT 600970 MERIDIAN CONSTRUCTIONS",5688.61,8064.14
03/07/2025,"EFTPOS WOOLWORTHS 4526 PENRITH NSW",-107.46,7956.68
04/07/2025,"CREDIT INTEREST PAID",9.34,7966.02
04/07/2025,"EFTPOS TRADELINK 1965 SPRINGVALE",-145.41,7820.61
04/07/2025,"VISA PURCHASE 04/07 BP RICHMOND VIC",-203.15,7617.46
04/07/2025,"VISA PURCHASE 04/07 XERO.COM",-70.00,7547.46
06/07/2025,"BPAY 689090 AGL ENERGY",-459.71,7087.75
08/07/2025,"DIRECT CREDIT 513588 WESTFIELD RETAIL",4974.02,12061.77
08/07/2025,"EFTPOS CALTEX 5449",-197.95,11863.82
09/07/2025,"VISA PURCHASE 09/07 MICROSOFT 365",-281.33,11582.49
09/07/2025,"TRANSFER 546879",-4006.14,7576.35
10/07/2025,"DIRECT CREDIT 912281 REDGUM PROJECTS",5765.42,13341.77
10/07/2025,"EFTPOS BUNNINGS WAREHOUSE 9378",-773.34,12568.43
10/07/2025,"OSKO PAYMENT TO D PATEL CARPENTRY PTY LTD 930669",-6300.89,6267.54
11/07/2025,"VISA PURCHASE 11/07 AMPOL PENRITH NSW",-144.32,6123.22
11/07/2025,"EFTPOS ULTRA TUNE SYDNEY NS",-466.10,5657.12
11/07/2025,"PAYROLL 342542",-15769.64,-10112.52
12/07/2025,"VISA PURCHASE 12/07 COLES 3121",-139.63,-10252.15
14/07/2025,"VISA PURCHASE 14/07 BUNNINGS 8604 PENRITH NSW",-2217.77,-12469.92
15/07/2025,"ACCOUNT KEEPING FEE",-10.00,-12479.92
15/07/2025,"EFTPOS 8743 GEELONG VIC",-106.07,-12585.99
16/07/2025,"INTEREST CHARGED",-212.80,-12798.79
17/07/2025,"DIRECT CREDIT 825118 HARBOUR CIVIL",12014.40,-784.39
17/07/2025,"VISA PURCHASE 17/07 BP PARRAMATTA",-203.20,-987.59
17/07/2025,"DIRECT DEBIT 942592 TELSTRA CORP",-241.23,-1228.82
17/07/2025,"VISA PURCHASE 17/07 BAKERS DELIGHT 4993",-43.29,-1272.11
17/07/2025,"TRANSFER TO J MCKENZIE CONTRACTING",-4315.75,-5587.86
18/07/2025,"DIRECT DEBIT 403747 NRMA INSURANCE",-142.00,-5729.86
18/07/2025,"VISA PURCHASE 18/07 MICROSOFT 365",-209.60,-5939.46
18/07/2025,"LOAN REPAYMENT 707457 EQUIPMENT FINANCE",-1840.00,-7779.46
19/07/2025,"PAYROLL 597342",-17777.99,-25557.45
20/07/2025,"VISA PURCHASE 20/07 BP NEWCASTLE",-97.26,-25654.71
21/07/2025,"DEPOSIT NORTHSIDE BUILDERS PROGRESS CLAIM 671477",25769.66,114.95
21/07/2025,"VISA PURCHASE 21/07 BUNNINGS 4591 BRISBANE QL",-1538.65,-1423.70
21/07/2025,"TRANSFER TO 647272 YARD RENT MONTHLY",-3300.00,-4723.70
21/07/2025,"DIRECT DEBIT 114212 AUSTRALIANSUPER SGC",-1697.76,-6421.46
21/07/2025,"INTERNATIONAL TRANSACTION FEE",-1.02,-6422.48
22/07/2025,"EFTPOS WOOLWORTHS 7348 SYDNEY NS",-75.06,-6497.54
23/07/2025,"VISA PURCHASE 23/07 MITRE 10 BLACKTOWN",-514.52,-7012.06
23/07/2025,"VISA PURCHASE 23/07 BAKERS DELIGHT 8845",-13.45,-7025.51
25/07/2025,"DIRECT CREDIT 293759 CENTENNIAL GROUP",9360.15,2334.64
25/07/2025,"DIRECT DEBIT 338653 REECE PLUMBING",-378.78,1955.86
25/07/2025,"TRANSFER TO D PATEL CARPENTRY CONTRACTING",-4254.55,-2298.69
29/07/2025,"EFTPOS BUNNINGS WAREHOUSE 7295",-1692.68,-3991.37
30/07/2025,"OSKO PAYMENT FROM ATLAS PROPERTY GRP INV 354016",7814.46,3823.09
30/07/2025,"EFTPOS CALTEX 2471",-188.39,3634.70
30/07/2025,"DIRECT DEBIT 952778 CGU BUSINESS INSURANCE",-486.00,3148.70
01/08/2025,"VISA PURCHASE 01/08 COLES 4989",-68.84,3079.86
02/08/2025,"VISA PURCHASE 02/08 AWS EMEA AUD",-47.01,3032.85
02/08/2025,"OSKO PAYMENT TO J MCKENZIE PTY LTD 844237",-3532.52,-499.67
04/08/2025,"VISA PURCHASE 04/08 BUNNINGS 8852 BLACKTOWN",-1218.31,-1717.98
04/08/2025,"EFTPOS CALTEX 5899",-71.63,-1789.61
04/08/2025,"EFTPOS WOOLWORTHS 6461 NEWCASTLE",-58.61,-1848.22
04/08/2025,"DIRECT DEBIT 879597",-97.22,-1945.44
05/08/2025,"OSKO PAYMENT FROM HARBOUR CIVIL INV 752724",8985.24,7039.80
05/08/2025,"VISA PURCHASE 05/08 MITRE 10 SYDNEY NS",-197.56,6842.24
07/08/2025,"EFTPOS BUNNINGS WAREHOUSE 7146",-1136.62,5705.62
07/08/2025,"BPAY 737248 AGL ENERGY",-614.09,5091.53
07/08/2025,"PAYROLL 159022",-15623.50,-10531.97
07/08/2025,"ACCOUNT KEEPING FEE",-10.00,-10541.97
08/08/2025,"DIRECT CREDIT 421848 HARBOUR CIVIL",15388.86,4846.89
09/08/2025,"DEPOSIT REDGUM PROJECTS PROGRESS CLAIM 894624",10270.43,15117.32
11/08/2025,"EFTPOS BUNNINGS WAREHOUSE 9164",-235.66,14881.66
11/08/2025,"VISA PURCHASE 11/08 AMPOL RICHMOND VIC",-151.25,14730.41
12/08/2025,"TRANSFER TO 996396 YARD RENT MONTHLY",-3300.00,11430.41
13/08/2025,"OSKO PAYMENT FROM REDGUM PROJECTS INV 961381",12577.31,24007.72
14/08/2025,"VISA PURCHASE 14/08 BP NEWCASTLE",-74.99,23932.73
14/08/2025,"TRANSFER TO SOUTHERN CONCRETING CONTRACTING",-3218.28,20714.45
14/08/2025,"EFTPOS 8147 NEWCASTLE",-247.39,20467.06
15/08/2025,"DIRECT DEBIT 928302 TELSTRA CORP",-213.23,20253.83
15/08/2025,"PAYROLL 999537",-16719.45,3534.38
16/08/2025,"EFTPOS WOOLWORTHS 7739 PARRAMATTA",-150.24,3384.14
17/08/2025,"VISA PURCHASE 17/08 BUNNINGS 4983 GEELONG VIC",-2135.71,1248.43
18/08/2025,"DIRECT CREDIT 912074 ATLAS PROPERTY GRP",13408.10,14656.53
19/08/2025,"EFTPOS CALTEX 7463",-138.95,14517.58
20/08/2025,"VISA PURCHASE 20/08 BUNNINGS 5715 SYDNEY NS",-1309.97,13207.61
21/08/2025,"OSKO PAYMENT TO SOUTHERN CONCRETING PTY LTD 270285",-8378.16,4829.45
21/08/2025,"TFR 797345",-453.76,4375.69
22/08/2025,"OSKO PAYMENT FROM PACIFIC FITOUTS INV 343740",3929.60,8305.29
22/08/2025,"EFTPOS WOOLWORTHS 2422 GEELONG VIC",-32.89,8272.40
24/08/2025,"OSKO PAYMENT FROM K&L DEVELOPMENTS INV 175335",5771.07,14043.47
25/08/2025,"LOAN REPAYMENT 624546 EQUIPMENT FINANCE",-1840.00,12203.47
26/08/2025,"VISA PURCHASE 26/08 BUNNINGS 5506 MELBOURNE VI",-221.64,11981.83
26/08/2025,"DIRECT DEBIT 492367 REECE PLUMBING",-1512.62,10469.21
26/08/2025,"VISA PURCHASE 26/08 MICROSOFT 365",-176.64,10292.57
26/08/2025,"BPAY 502254 BLACKTOWN CITY COUNCIL RATES",-645.27,9647.30
27/08/2025,"VISA PURCHASE 27/08 AMPOL GEELONG VIC",-171.19,9476.11
27/08/2025,"OSKO PAYMENT TO APEX ELECTRICAL PTY LTD 300447",-1027.24,8448.87
28/08/2025,"DIRECT CREDIT 160423 K&L DEVELOPMENTS",7779.69,16228.56
28/08/2025,"DIRECT DEBIT 164084",-219.11,16009.45
29/08/2025,"EFTPOS BUNNINGS WAREHOUSE 5058",-1863.12,14146.33
29/08/2025,"EFTPOS WOOLWORTHS 9203 SPRINGVALE",-47.66,14098.67
29/08/2025,"PAYROLL 332104",-15814.05,-1715.38
01/09/2025,"TRANSFER TO TRUE LINE PLUMBING CONTRACTING",-4810.32,-6525.70
02/09/2025,"VISA PURCHASE 02/09 MITRE 10 SYDNEY NS",-250.65,-6776.35
02/09/2025,"VISA PURCHASE 02/09 BP MELBOURNE VI",-113.59,-6889.94
02/09/2025,"VISA PURCHASE 02/09 AWS EMEA AUD",-308.02,-7197.96
02/09/2025,"VISA PURCHASE 02/09 OFFICEWORKS 1287 PARRAMATTA",-160.68,-7358.64
03/09/2025,"CREDIT INTEREST PAID",28.16,-7330.48
04/09/2025,"EFTPOS BUNNINGS WAREHOUSE 3627",-555.05,-7885.53
04/09/2025,"BPAY 480235 ATO BUSINESS ACTIVITY STATEMENT",-10848.23,-18733.76
05/09/2025,"VISA PURCHASE 05/09 BP RICHMOND VIC",-181.20,-18914.96
05/09/2025,"DIRECT DEBIT 674925 TELSTRA CORP",-234.73,-19149.69
08/09/2025,"OSKO PAYMENT FROM NORTHSIDE BUILDERS INV 582726",18126.36,-1023.33
09/09/2025,"TRANSFER TO 191488 YARD RENT MONTHLY",-3300.00,-4323.33
09/09/2025,"VISA PURCHASE 09/09 COLES 5724",-47.31,-4370.64
09/09/2025,"EFTPOS 7658 GEELONG VIC",-278.51,-4649.15
10/09/2025,"EFTPOS TRADELINK 8012 SPRINGVALE",-1455.13,-6104.28
10/09/2025,"VISA PURCHASE 10/09 AMPOL PENRITH NSW",-59.82,-6164.10
10/09/2025,"DIRECT DEBIT 318222 NRMA INSURANCE",-142.00,-6306.10
10/09/2025,"INTERNATIONAL TRANSACTION FEE",-1.76,-6307.86
11/09/2025,"TRANSFER TO D PATEL CARPENTRY CONTRACTING",-1359.95,-7667.81
13/09/2025,"VISA PURCHASE 13/09 BUNNINGS 6985 GEELONG VIC",-544.46,-8212.27
13/09/2025,"VISA PURCHASE 13/09 OFFICEWORKS 7182 SPRINGVALE",-146.85,-8359.12
15/09/2025,"DIRECT DEBIT 463673 REECE PLUMBING",-2384.88,-10744.00
15/09/2025,"VISA PURCHASE 15/09 BP PARRAMATTA",-119.26,-10863.26
15/09/2025,"BPAY 690184 AGL ENERGY",-560.39,-11423.65
15/09/2025,"OSKO PAYMENT TO J MCKENZIE PTY LTD 252081",-5182.87,-16606.52
16/09/2025,"VISA PURCHASE 16/09 XERO.COM",-70.00,-16676.52
16/09/2025,"VISA PURCHASE 16/09 BAKERS DELIGHT 1103",-28.35,-16704.87
16/09/2025,"INTEREST CHARGED",-538.88,-17243.75
17/09/2025,"DIRECT CREDIT 566153 CENTENNIAL GROUP",5818.81,-11424.94
17/09/2025,"VISA PURCHASE 17/09 BUNNINGS 2017 NEWCASTLE",-183.83,-11608.77
18/09/2025,"VISA PURCHASE 18/09 BOB JANE T-MART 8908",-1369.92,-12978.69
19/09/2025,"DIRECT CREDIT 431968 ATLAS PROPERTY GRP",7033.94,-5944.75
21/09/2025,"PAYROLL 138685",-16053.51,-21998.26
23/09/2025,"OSKO PAYMENT FROM WESTFIELD RETAIL INV 581005",17521.72,-4476.54
23/09/2025,"VISA PURCHASE 23/09 BUNNINGS 4571 PENRITH NSW",-1345.61,-5822.15
24/09/2025,"VISA PURCHASE 24/09 BP PENRITH NSW",-104.64,-5926.79
24/09/2025,"VISA PURCHASE 24/09 AWS EMEA AUD",-265.59,-6192.38
24/09/2025,"EFTPOS WOOLWORTHS 6077 PENRITH NSW",-59.75,-6252.13
24/09/2025,"LOAN REPAYMENT 339922 EQUIPMENT FINANCE",-1840.00,-8092.13
26/09/2025,"VISA PURCHASE 26/09 MITRE 10 MELBOURNE VI",-406.73,-8498.86
28/09/2025,"DIRECT CREDIT 673872 ATLAS PROPERTY GRP",17399.54,8900.68
28/09/2025,"VISA PURCHASE 28/09 BUNNINGS 3706 MELBOURNE VI",-2264.01,6636.67
30/09/2025,"VISA PURCHASE 30/09 AMPOL SYDNEY NS",-185.27,6451.40
30/09/2025,"PAYROLL 415445",-15018.83,-8567.43
01/10/2025,"VISA PURCHASE 01/10 BUNNINGS 9833 GEELONG VIC",-598.59,-9166.02
01/10/2025,"DIRECT DEBIT 676635 REECE PLUMBING",-2665.51,-11831.53
01/10/2025,"VISA PURCHASE 01/10 COLES 4549",-25.25,-11856.78
01/10/2025,"DIRECT DEBIT 445474",-178.63,-12035.41
02/10/2025,"DIRECT CREDIT 241698 HARBOUR CIVIL",12772.37,736.96
02/10/2025,"DEPOSIT ATLAS PROPERTY GRP PROGRESS CLAIM 793365",32058.66,32795.62
02/10/2025,"TRANSFER TO SOUTHERN CONCRETING CONTRACTING",-3087.15,29708.47
03/10/2025,"EFTPOS CALTEX 4278",-200.05,29508.42
05/10/2025,"INTERNATIONAL TRANSACTION FEE",-4.81,29503.61
06/10/2025,"EFTPOS BUNNINGS WAREHOUSE 8985",-1089.40,28414.21
07/10/2025,"OSKO PAYMENT FROM REDGUM PROJECTS INV 488523",3769.12,32183.33
07/10/2025,"VISA PURCHASE 07/10 BOB JANE T-MART 9780",-1363.66,30819.67
07/10/2025,"EFTPOS 1365 SPRINGVALE",-280.42,30539.25
08/10/2025,"CREDIT INTEREST PAID",12.79,30552.04
09/10/2025,"VISA PURCHASE 09/10 MICROSOFT 365",-134.58,30417.46
09/10/2025,"TRANSFER TO D PATEL CARPENTRY CONTRACTING",-6944.71,23472.75
10/10/2025,"DIRECT CREDIT 547512 K&L DEVELOPMENTS",9094.43,32567.18
10/10/2025,"VISA PURCHASE 10/10 BUNNINGS 6083 SYDNEY NS",-589.75,31977.43
12/10/2025,"TFR 338873",-3606.30,28371.13
13/10/2025,"VISA PURCHASE 13/10 BUNNINGS 4906 NEWCASTLE",-121.71,28249.42
13/10/2025,"VISA PURCHASE 13/10 AMPOL PARRAMATTA",-82.88,28166.54
13/10/2025,"VISA PURCHASE 13/10 COLES 2012",-172.97,27993.57
13/10/2025,"PAYROLL 506887",-14705.87,13287.70
14/10/2025,"OSKO PAYMENT FROM HARBOUR CIVIL INV 369179",4813.86,18101.56
15/10/2025,"DIRECT DEBIT 132090 NRMA INSURANCE",-142.00,17959.56
15/10/2025,"DIRECT DEBIT 325354 CGU BUSINESS INSURANCE",-486.00,17473.56
15/10/2025,"TRANSFER TO 210873 YARD RENT MONTHLY",-3300.00,14173.56
16/10/2025,"VISA PURCHASE 16/10 OFFICEWORKS 3246 RICHMOND VIC",-410.32,13763.24
16/10/2025,"INTEREST CHARGED",-377.84,13385.40
17/10/2025,"VISA PURCHASE 17/10 BUNNINGS 5514 PENRITH NSW",-1903.13,11482.27
17/10/2025,"VISA PURCHASE 17/10 MITRE 10 GEELONG VIC",-886.81,10595.46
17/10/2025,"BPAY 480780 BLACKTOWN CITY COUNCIL RATES",-642.99,9952.47
19/10/2025,"DIRECT CREDIT 674517 CENTENNIAL GROUP",15532.60,25485.07
19/10/2025,"VISA PURCHASE 19/10 BP NEWCASTLE",-92.98,25392.09
19/10/2025,"DIRECT DEBIT 207535 TELSTRA CORP",-210.98,25181.11
20/10/2025,"EFTPOS BUNNINGS WAREHOUSE 1713",-856.46,24324.65
21/10/2025,"TRANSFER TO TRUE LINE PLUMBING CONTRACTING",-1461.22,22863.43
23/10/2025,"VISA PURCHASE 23/10 BP PENRITH NSW",-111.82,22751.61
27/10/2025,"VISA PURCHASE 27/10 BUNNINGS 3781 SYDNEY NS",-1527.54,21224.07
27/10/2025,"PAYMENT R OBRIEN",-2344.17,18879.90
28/10/2025,"OSKO PAYMENT FROM MERIDIAN CONSTRUCTIONS INV 804382",3081.97,21961.87
28/10/2025,"VISA PURCHASE 28/10 BP MELBOURNE VI",-67.05,21894.82
28/10/2025,"VISA PURCHASE 28/10 OFFICEWORKS 7046 PENRITH NSW",-395.96,21498.86
28/10/2025,"VISA PURCHASE 28/10 COLES 8096",-59.62,21439.24
28/10/2025,"VISA PURCHASE 28/10 BAKERS DELIGHT 3516",-55.78,21383.46
29/10/2025,"TRANSFER TO APEX ELECTRICAL CONTRACTING",-3236.91,18146.55
30/10/2025,"VISA PURCHASE 30/10 BUNNINGS 7263 BRISBANE QL",-1524.54,16622.01
31/10/2025,"DEPOSIT CENTENNIAL GROUP PROGRESS CLAIM 856586",34473.54,51095.55
31/10/2025,"PAYROLL 555723",-17465.87,33629.68
01/11/2025,"VISA PURCHASE 01/11 BP NEWCASTLE",-176.08,33453.60
02/11/2025,"VISA PURCHASE 02/11 BUNNINGS 4936 SYDNEY NS",-669.37,32784.23
04/11/2025,"TRANSFER TO SOUTHERN CONCRETING CONTRACTING",-1699.25,31084.98
05/11/2025,"OSKO PAYMENT FROM BRIGHTON HOMES INV 891038",6591.07,37676.05
06/11/2025,"CREDIT INTEREST PAID",30.07,37706.12
06/11/2025,"VISA PURCHASE 06/11 COLES 6369",-124.40,37581.72
06/11/2025,"TRANSFER 167813",-824.06,36757.66
07/11/2025,"VISA PURCHASE 07/11 BUNNINGS 4631 SYDNEY NS",-1015.98,35741.68
07/11/2025,"VISA PURCHASE 07/11 MITRE 10 PARRAMATTA",-584.98,35156.70
07/11/2025,"VISA PURCHASE 07/11 BP BRISBANE QL",-94.17,35062.53
07/11/2025,"TRANSFER TO SOUTHERN CONCRETING CONTRACTING",-7959.57,27102.96
08/11/2025,"PAYROLL 189177",-14545.07,12557.89
10/11/2025,"DIRECT CREDIT 512296 NORTHSIDE BUILDERS",3415.77,15973.66
10/11/2025,"DIRECT DEBIT 866642 NSW FAIR TRADING LICENCE",-379.88,15593.78
11/11/2025,"EFTPOS TRADELINK 3824 BLACKTOWN",-1448.48,14145.30
11/11/2025,"VISA PURCHASE 11/11 AMPOL BRISBANE QL",-125.02,14020.28
11/11/2025,"VISA PURCHASE 11/11 AWS EMEA AUD",-229.06,13791.22
11/11/2025,"TRANSFER TO 155994 YARD RENT MONTHLY",-3300.00,10491.22
12/11/2025,"OSKO PAYMENT FROM REDGUM PROJECTS INV 614880",15327.99,25819.21
12/11/2025,"VISA PURCHASE 12/11 BUNNINGS 9676 RICHMOND VIC",-1455.89,24363.32
12/11/2025,"EFTPOS WOOLWORTHS 4783 NEWCASTLE",-112.86,24250.46
12/11/2025,"VISA PURCHASE 12/11 BAKERS DELIGHT 8502",-17.49,24232.97
13/11/2025,"DIRECT DEBIT 488415 REECE PLUMBING",-2081.69,22151.28
14/11/2025,"EFTPOS BUNNINGS WAREHOUSE 2691",-1299.53,20851.75
15/11/2025,"DIRECT DEBIT 751750 NRMA INSURANCE",-142.00,20709.75
15/11/2025,"LOAN REPAYMENT 807702 EQUIPMENT FINANCE",-1840.00,18869.75
16/11/2025,"TRANSFER TO SOUTHERN CONCRETING CONTRACTING",-4311.03,14558.72
17/11/2025,"OSKO PAYMENT FROM CENTENNIAL GROUP INV 536372",7709.59,22268.31
17/11/2025,"BPAY 509990 AGL ENERGY",-342.61,21925.70
17/11/2025,"ACCOUNT KEEPING FEE",-10.00,21915.70
18/11/2025,"EFTPOS BUNNINGS WAREHOUSE 3080",-2238.27,19677.43
18/11/2025,"DIRECT DEBIT 505339 XERO AUSTRALIA",-70.00,19607.43
18/11/2025,"OSKO PAYMENT TO MERIVALE HOLDINGS PTY LTD",-43544.71,-23937.28
19/11/2025,"DIRECT DEBIT 639004 TELSTRA CORP",-191.50,-24128.78
19/11/2025,"PAYMENT T WILLIAMS",-2265.50,-26394.28
20/11/2025,"EFTPOS 3732 MELBOURNE VI",-463.69,-26857.97
21/11/2025,"EFTPOS BUNNINGS WAREHOUSE 6327",-2361.84,-29219.81
21/11/2025,"EFTPOS CALTEX 8181",-85.60,-29305.41
22/11/2025,"OSKO PAYMENT FROM CENTENNIAL GROUP INV 416023",12017.80,-17287.61
22/11/2025,"VISA PURCHASE 22/11 MICROSOFT 365",-145.95,-17433.56
24/11/2025,"EFTPOS CALTEX 8479",-91.56,-17525.12
24/11/2025,"VISA PURCHASE 24/11 COLES 5355",-52.40,-17577.52
26/11/2025,"VISA PURCHASE 26/11 BUNNINGS 3252 NEWCASTLE",-1886.21,-19463.73
26/11/2025,"PAYROLL 472224",-15720.36,-35184.09
28/11/2025,"OSKO PAYMENT FROM NORTHSIDE BUILDERS INV 780672",17058.62,-18125.47
28/11/2025,"DIRECT DEBIT 223084 AUSTRALIANSUPER SGC",-2123.70,-20249.17
29/11/2025,"DIRECT DEBIT 457907 REECE PLUMBING",-411.61,-20660.78
29/11/2025,"VISA PURCHASE 29/11 BP BLACKTOWN",-84.09,-20744.87
30/11/2025,"EFTPOS BUNNINGS WAREHOUSE 9289",-874.02,-21618.89
01/12/2025,"TRANSFER TO APEX ELECTRICAL CONTRACTING",-4938.00,-26556.89
03/12/2025,"VISA PURCHASE 03/12 MITRE 10 NEWCASTLE",-699.84,-27256.73
04/12/2025,"VISA PURCHASE 04/12 BUNNINGS 4854 NEWCASTLE",-921.41,-28178.14
04/12/2025,"BPAY 873519 AGL ENERGY",-622.48,-28800.62
05/12/2025,"VISA PURCHASE 05/12 AMPOL BRISBANE QL",-176.23,-28976.85
05/12/2025,"VISA PURCHASE 05/12 OFFICEWORKS 5617 GEELONG VIC",-258.05,-29234.90
05/12/2025,"TRANSFER TO SOUTHERN CONCRETING CONTRACTING",-5208.85,-34443.75
06/12/2025,"OSKO PAYMENT FROM ATLAS PROPERTY GRP INV 880513",17514.01,-16929.74
07/12/2025,"CREDIT INTEREST PAID",20.55,-16909.19
07/12/2025,"VISA PURCHASE 07/12 BAKERS DELIGHT 9024",-39.92,-16949.11
08/12/2025,"DIRECT CREDIT 748154 ATLAS PROPERTY GRP",4930.75,-12018.36
09/12/2025,"EFTPOS BUNNINGS WAREHOUSE 4511",-120.28,-12138.64
09/12/2025,"VISA PURCHASE 09/12 BP RICHMOND VIC",-72.79,-12211.43
09/12/2025,"EFTPOS WOOLWORTHS 3120 NEWCASTLE",-62.93,-12274.36
09/12/2025,"LOAN REPAYMENT 832244 EQUIPMENT FINANCE",-1840.00,-14114.36
13/12/2025,"PAYROLL 310913",-18029.95,-32144.31
14/12/2025,"VISA PURCHASE 14/12 AMPOL BRISBANE QL",-64.10,-32208.41
15/12/2025,"EFTPOS BUNNINGS WAREHOUSE 1945",-114.27,-32322.68
15/12/2025,"DIRECT DEBIT 874644 REECE PLUMBING",-382.10,-32704.78
15/12/2025,"EFTPOS ULTRA TUNE PENRITH NSW",-852.14,-33556.92
15/12/2025,"VISA PURCHASE 15/12 BAKERS DELIGHT 6165",-25.35,-33582.27
15/12/2025,"OSKO PAYMENT TO SOUTHERN CONCRETING PTY LTD 856861",-5802.97,-39385.24
16/12/2025,"OSKO PAYMENT FROM NORTHSIDE BUILDERS INV 496299",14357.62,-25027.62
16/12/2025,"EFTPOS TRADELINK 1579 PARRAMATTA",-1469.81,-26497.43
17/12/2025,"VISA PURCHASE 17/12 MITRE 10 MELBOURNE VI",-218.86,-26716.29
17/12/2025,"INTERNATIONAL TRANSACTION FEE",-7.95,-26724.24
17/12/2025,"TRANSFER TO TRUE LINE PLUMBING CONTRACTING",-8252.26,-34976.50
18/12/2025,"EFTPOS CALTEX 7831",-76.86,-35053.36
18/12/2025,"VISA PURCHASE 18/12 XERO.COM",-70.00,-35123.36
18/12/2025,"VISA PURCHASE 18/12 COLES 9520",-109.73,-35233.09
19/12/2025,"DIRECT CREDIT 471503 ATLAS PROPERTY GRP",6619.15,-28613.94
21/12/2025,"VISA PURCHASE 21/12 BUNNINGS 8533 GEELONG VIC",-1206.18,-29820.12
21/12/2025,"VISA PURCHASE 21/12 MICROSOFT 365",-157.85,-29977.97
22/12/2025,"DEPOSIT MERIDIAN CONSTRUCTIONS PROGRESS CLAIM 316745",21816.22,-8161.75
22/12/2025,"DIRECT DEBIT 308602 TELSTRA CORP",-228.31,-8390.06
22/12/2025,"TRANSFER TO 664002 YARD RENT MONTHLY",-3300.00,-11690.06
23/12/2025,"DIRECT DEBIT 342766",-238.56,-11928.62
24/12/2025,"DIRECT DEBIT 417198 NRMA INSURANCE",-142.00,-12070.62
24/12/2025,"VISA PURCHASE 24/12 OFFICEWORKS 8561 MELBOURNE VI",-252.55,-12323.17
25/12/2025,"OSKO PAYMENT FROM K&L DEVELOPMENTS INV 617113",5331.45,-6991.72
25/12/2025,"VISA PURCHASE 25/12 BUNNINGS 6625 SYDNEY NS",-884.41,-7876.13
25/12/2025,"ACCOUNT KEEPING FEE",-10.00,-7886.13
25/12/2025,"INTEREST CHARGED",-431.14,-8317.27
26/12/2025,"TRANSFER TO J MCKENZIE CONTRACTING",-4632.77,-12950.04
27/12/2025,"VISA PURCHASE 27/12 AMPOL BLACKTOWN",-163.60,-13113.64
28/12/2025,"EFTPOS WOOLWORTHS 9130 GEELONG VIC",-80.73,-13194.37
29/12/2025,"OSKO PAYMENT FROM CENTENNIAL GROUP INV 764188",15609.61,2415.24
31/12/2025,"VISA PURCHASE 31/12 COLES 4171",-113.54,2301.70
01/01/2026,"OSKO PAYMENT FROM ATLAS PROPERTY GRP INV 348657",3055.99,5357.69
01/01/2026,"TRANSFER TO J MCKENZIE CONTRACTING",-3346.14,2011.55
02/01/2026,"EFTPOS BUNNINGS WAREHOUSE 2755",-2321.94,-310.39
02/01/2026,"EFTPOS CALTEX 7389",-92.33,-402.72
02/01/2026,"VISA PURCHASE 02/01 MICROSOFT 365",-151.10,-553.82
03/01/2026,"PAYROLL 215837",-14490.22,-15044.04
05/01/2026,"VISA PURCHASE 05/01 BUNNINGS 1300 PARRAMATTA",-1478.63,-16522.67
06/01/2026,"DIRECT CREDIT 285365 REDGUM PROJECTS",8527.19,-7995.48
06/01/2026,"EFTPOS ULTRA TUNE BLACKTOWN",-507.44,-8502.92
06/01/2026,"INTEREST CHARGED",-497.81,-9000.73
06/01/2026,"EFTPOS 7775 SPRINGVALE",-410.85,-9411.58
07/01/2026,"DEPOSIT REDGUM PROJECTS PROGRESS CLAIM 985337",24062.33,14650.75
07/01/2026,"VISA PURCHASE 07/01 BP SPRINGVALE",-112.02,14538.73
07/01/2026,"VISA PURCHASE 07/01 BAKERS DELIGHT 4177",-19.23,14519.50
08/01/2026,"DIRECT CREDIT 578858 WESTFIELD RETAIL",12224.73,26744.23
08/01/2026,"EFTPOS TRADELINK 9783 MELBOURNE VI",-1118.15,25626.08
08/01/2026,"BPAY 717575 AGL ENERGY",-524.48,25101.60
09/01/2026,"EFTPOS BUNNINGS WAREHOUSE 2034",-2097.04,23004.56
09/01/2026,"VISA PURCHASE 09/01 MITRE 10 MELBOURNE VI",-294.67,22709.89
09/01/2026,"DIRECT DEBIT 936387 REECE PLUMBING",-1301.34,21408.55
09/01/2026,"VISA PURCHASE 09/01 OFFICEWORKS 5265 GEELONG VIC",-202.55,21206.00
09/01/2026,"ACCOUNT KEEPING FEE",-10.00,21196.00
10/01/2026,"OSKO PAYMENT TO APEX ELECTRICAL PTY LTD 988453",-4941.72,16254.28
11/01/2026,"PAYMENT T WILLIAMS",-1788.65,14465.63
12/01/2026,"VISA PURCHASE 12/01 BP SYDNEY NS",-153.69,14311.94
12/01/2026,"EFTPOS WOOLWORTHS 7447 GEELONG VIC",-93.96,14217.98
13/01/2026,"OSKO PAYMENT FROM BRIGHTON HOMES INV 144271",5541.58,19759.56
13/01/2026,"LOAN REPAYMENT 155175 EQUIPMENT FINANCE",-1840.00,17919.56
14/01/2026,"VISA PURCHASE 14/01 BUNNINGS 4944 BRISBANE QL",-1162.51,16757.05
14/01/2026,"EFTPOS CALTEX 2674",-78.05,16679.00
14/01/2026,"BPAY 409925 ATO BUSINESS ACTIVITY STATEMENT",-6097.55,10581.45
17/01/2026,"DIRECT CREDIT 675832 HARBOUR CIVIL",14280.94,24862.39
18/01/2026,"TRANSFER TO APEX ELECTRICAL CONTRACTING",-1257.34,23605.05
19/01/2026,"VISA PURCHASE 19/01 MICROSOFT 365",-225.53,23379.52
19/01/2026,"TRANSFER 803531",-2954.41,20425.11
20/01/2026,"DIRECT CREDIT 955048 PACIFIC FITOUTS",16492.87,36917.98
20/01/2026,"CREDIT INTEREST PAID",18.33,36936.31
20/01/2026,"VISA PURCHASE 20/01 BP PENRITH NSW",-135.01,36801.30
21/01/2026,"EFTPOS WOOLWORTHS 8277 PARRAMATTA",-30.97,36770.33
22/01/2026,"EFTPOS BUNNINGS WAREHOUSE 1292",-729.85,36040.48
22/01/2026,"VISA PURCHASE 22/01 MITRE 10 BRISBANE QL",-519.67,35520.81
22/01/2026,"PAYROLL 600142",-14354.76,21166.05
23/01/2026,"BPAY 768863 BLACKTOWN CITY COUNCIL RATES",-708.08,20457.97
26/01/2026,"VISA PURCHASE 26/01 AMPOL SYDNEY NS",-107.68,20350.29
26/01/2026,"VISA PURCHASE 26/01 XERO.COM",-70.00,20280.29
28/01/2026,"VISA PURCHASE 28/01 BUNNINGS 5181 SPRINGVALE",-704.18,19576.11
28/01/2026,"VISA PURCHASE 28/01 AMPOL PARRAMATTA",-55.10,19521.01
29/01/2026,"DIRECT CREDIT 539016 PACIFIC FITOUTS",12029.78,31550.79
30/01/2026,"DIRECT DEBIT 509343 CGU BUSINESS INSURANCE",-486.00,31064.79
30/01/2026,"VISA PURCHASE 30/01 COLES 8936",-84.92,30979.87
30/01/2026,"PAYROLL 593051",-16562.36,14417.51
31/01/2026,"OSKO PAYMENT FROM REDGUM PROJECTS INV 127446",2882.29,17299.80
31/01/2026,"VISA PURCHASE 31/01 MICROSOFT 365",-162.52,17137.28
02/02/2026,"EFTPOS BUNNINGS WAREHOUSE 2175",-2377.53,14759.75
02/02/2026,"DIRECT DEBIT 128878 REECE PLUMBING",-1677.27,13082.48
02/02/2026,"VISA PURCHASE 02/02 AMPOL MELBOURNE VI",-166.51,12915.97
03/02/2026,"OSKO PAYMENT FROM PACIFIC FITOUTS INV 815602",9629.74,22545.71
03/02/2026,"CREDIT INTEREST PAID",14.65,22560.36
04/02/2026,"VISA PURCHASE 04/02 XERO.COM",-70.00,22490.36
04/02/2026,"INTEREST CHARGED",-398.56,22091.80
04/02/2026,"OSKO PAYMENT TO APEX ELECTRICAL PTY LTD 700933",-6501.74,15590.06
05/02/2026,"VISA PURCHASE 05/02 BUNNINGS 6745 MELBOURNE VI",-705.87,14884.19
05/02/2026,"ACCOUNT KEEPING FEE",-10.00,14874.19
06/02/2026,"VISA PURCHASE 06/02 MITRE 10 PARRAMATTA",-227.26,14646.93
06/02/2026,"DIRECT DEBIT 442975 NRMA INSURANCE",-142.00,14504.93
06/02/2026,"VISA PURCHASE 06/02 OFFICEWORKS 4311 GEELONG VIC",-51.70,14453.23
06/02/2026,"VISA PURCHASE 06/02 BAKERS DELIGHT 1981",-60.62,14392.61
06/02/2026,"LOAN REPAYMENT 204755 EQUIPMENT FINANCE",-1840.00,12552.61
08/02/2026,"DIRECT DEBIT 454001 TELSTRA CORP",-207.50,12345.11
09/02/2026,"EFTPOS BUNNINGS WAREHOUSE 2536",-667.41,11677.70
11/02/2026,"DEPOSIT NORTHSIDE BUILDERS PROGRESS CLAIM 447921",28879.26,40556.96
12/02/2026,"DIRECT CREDIT 719420 K&L DEVELOPMENTS",6828.51,47385.47
12/02/2026,"EFTPOS 6604 SPRINGVALE",-289.20,47096.27
13/02/2026,"DIRECT DEBIT 811251 REECE PLUMBING",-588.23,46508.04
13/02/2026,"VISA PURCHASE 13/02 BAKERS DELIGHT 8057",-64.54,46443.50
13/02/2026,"DIRECT DEBIT 805211",-299.76,46143.74
14/02/2026,"PAYROLL 942432",-16478.09,29665.65
16/02/2026,"EFTPOS CALTEX 6723",-92.93,29572.72
16/02/2026,"EFTPOS WOOLWORTHS 9064 BLACKTOWN",-147.90,29424.82
17/02/2026,"DIRECT CREDIT 876228 ATLAS PROPERTY GRP",13499.95,42924.77
18/02/2026,"OSKO PAYMENT FROM NORTHSIDE BUILDERS INV 587043",16734.44,59659.21
18/02/2026,"EFTPOS BUNNINGS WAREHOUSE 6904",-937.65,58721.56
18/02/2026,"BPAY 640663 AGL ENERGY",-496.62,58224.94
22/02/2026,"EFTPOS CALTEX 6393",-85.06,58139.88
24/02/2026,"VISA PURCHASE 24/02 COLES 8168",-133.04,58006.84
25/02/2026,"VISA PURCHASE 25/02 BUNNINGS 7972 PENRITH NSW",-702.11,57304.73
25/02/2026,"VISA PURCHASE 25/02 AWS EMEA AUD",-157.15,57147.58
26/02/2026,"DIRECT CREDIT 778597 BRIGHTON HOMES",18059.06,75206.64
26/02/2026,"TRANSFER TO 142346 YARD RENT MONTHLY",-3300.00,71906.64
26/02/2026,"PAYROLL 580154",-17654.64,54252.00
26/02/2026,"TRANSFER TO J MCKENZIE CONTRACTING",-3330.89,50921.11
27/02/2026,"TRANSFER 925605",-3755.42,47165.69
02/03/2026,"EFTPOS BUNNINGS WAREHOUSE 3750",-359.72,46805.97
02/03/2026,"DIRECT DEBIT 506552 AUSTRALIANSUPER SGC",-1786.75,45019.22
03/03/2026,"DIRECT CREDIT 478883 REDGUM PROJECTS",15391.66,60410.88
03/03/2026,"VISA PURCHASE 03/03 OFFICEWORKS 4309 GEELONG VIC",-404.23,60006.65
04/03/2026,"EFTPOS WOOLWORTHS 6486 SPRINGVALE",-28.04,59978.61
05/03/2026,"DIRECT CREDIT 119940 HARBOUR CIVIL",8838.07,68816.68
05/03/2026,"VISA PURCHASE 05/03 AMPOL PENRITH NSW",-179.83,68636.85
06/03/2026,"VISA PURCHASE 06/03 BUNNINGS 1710 SPRINGVALE",-2381.08,66255.77
06/03/2026,"VISA PURCHASE 06/03 AMPOL SYDNEY NS",-159.41,66096.36
06/03/2026,"TRANSFER TO J MCKENZIE CONTRACTING",-7031.84,59064.52
06/03/2026,"PAYMENT A NGUYEN",-939.32,58125.20
08/03/2026,"VISA PURCHASE 08/03 BUNNINGS 6807 RICHMOND VIC",-2032.20,56093.00
09/03/2026,"ACCOUNT KEEPING FEE",-10.00,56083.00
10/03/2026,"OSKO PAYMENT FROM CENTENNIAL GROUP INV 365902",15133.18,71216.18
11/03/2026,"DEPOSIT ATLAS PROPERTY GRP PROGRESS CLAIM 852628",34167.60,105383.78
11/03/2026,"VISA PURCHASE 11/03 COLES 2973",-67.06,105316.72
12/03/2026,"VISA PURCHASE 12/03 AMPOL PENRITH NSW",-110.28,105206.44
12/03/2026,"OSKO PAYMENT TO SOUTHERN CONCRETING PTY LTD 822811",-1619.24,103587.20
12/03/2026,"DIRECT DEBIT 763963",-135.28,103451.92
13/03/2026,"OSKO PAYMENT FROM NORTHSIDE BUILDERS INV 341207",15600.12,119052.04
13/03/2026,"VISA PURCHASE 13/03 BUNNINGS 5060 MELBOURNE VI",-257.61,118794.43
13/03/2026,"INTEREST CHARGED",-388.98,118405.45
16/03/2026,"DIRECT DEBIT 715565 NRMA INSURANCE",-142.00,118263.45
17/03/2026,"VISA PURCHASE 17/03 BUNNINGS 7657 PENRITH NSW",-1446.31,116817.14
17/03/2026,"VISA PURCHASE 17/03 BAKERS DELIGHT 9310",-14.08,116803.06
18/03/2026,"OSKO PAYMENT FROM K&L DEVELOPMENTS INV 786594",12727.78,129530.84
18/03/2026,"EFTPOS CALTEX 1964",-204.92,129325.92
18/03/2026,"VISA PURCHASE 18/03 OFFICEWORKS 7508 MELBOURNE VI",-290.27,129035.65
18/03/2026,"EFTPOS WOOLWORTHS 7765 NEWCASTLE",-64.23,128971.42
19/03/2026,"DIRECT DEBIT 620621 REECE PLUMBING",-968.73,128002.69
19/03/2026,"PAYROLL 360534",-18208.24,109794.45
20/03/2026,"LOAN REPAYMENT 484432 EQUIPMENT FINANCE",-1840.00,107954.45
20/03/2026,"OSKO PAYMENT TO SOUTHERN CONCRETING PTY LTD 128885",-8159.48,99794.97
21/03/2026,"OSKO PAYMENT FROM CENTENNIAL GROUP INV 472006",10092.75,109887.72
21/03/2026,"EFTPOS ULTRA TUNE PARRAMATTA",-862.15,109025.57
22/03/2026,"OSKO PAYMENT TO J MCKENZIE PTY LTD 244260",-5306.83,103718.74
23/03/2026,"VISA PURCHASE 23/03 BP PARRAMATTA",-148.19,103570.55
23/03/2026,"BPAY 853791 AGL ENERGY",-248.19,103322.36
24/03/2026,"EFTPOS TRADELINK 8753 GEELONG VIC",-799.76,102522.60
26/03/2026,"OSKO PAYMENT FROM K&L DEVELOPMENTS INV 436600",13134.29,115656.89
26/03/2026,"CREDIT INTEREST PAID",5.90,115662.79
26/03/2026,"VISA PURCHASE 26/03 MICROSOFT 365",-339.36,115323.43
26/03/2026,"VISA PURCHASE 26/03 COLES 8310",-112.09,115211.34
27/03/2026,"EFTPOS BUNNINGS WAREHOUSE 7946",-2165.10,113046.24
27/03/2026,"DIRECT DEBIT 692324 REECE PLUMBING",-2163.59,110882.65
27/03/2026,"EFTPOS CALTEX 5188",-163.12,110719.53
27/03/2026,"DIRECT DEBIT 894127 TELSTRA CORP",-248.60,110470.93
28/03/2026,"EFTPOS BUNNINGS WAREHOUSE 8362",-2093.40,108377.53
28/03/2026,"EFTPOS 3044 MELBOURNE VI",-137.20,108240.33
29/03/2026,"PAYROLL 234732",-15382.88,92857.45
30/03/2026,"DIRECT CREDIT 590470 ATLAS PROPERTY GRP",15025.80,107883.25
30/03/2026,"EFTPOS CALTEX 4427",-176.02,107707.23
30/03/2026,"VISA PURCHASE 30/03 BAKERS DELIGHT 3764",-48.42,107658.81
31/03/2026,"DEPOSIT HARBOUR CIVIL PROGRESS CLAIM 670859",28950.33,136609.14
31/03/2026,"VISA PURCHASE 31/03 MITRE 10 SPRINGVALE",-80.37,136528.77
01/04/2026,"DIRECT CREDIT 844431 MERIDIAN CONSTRUCTIONS",17105.65,153634.42
03/04/2026,"INTERNATIONAL TRANSACTION FEE",-7.15,153627.27
03/04/2026,"DIRECT DEBIT 668474 NSW FAIR TRADING LICENCE",-357.62,153269.65
06/04/2026,"VISA PURCHASE 06/04 AMPOL SPRINGVALE",-148.23,153121.42
06/04/2026,"VISA PURCHASE 06/04 XERO.COM",-70.00,153051.42
06/04/2026,"INTEREST CHARGED",-398.89,152652.53
06/04/2026,"OSKO PAYMENT TO TRUE LINE PLUMBING PTY LTD 358705",-2929.14,149723.39
07/04/2026,"VISA PURCHASE 07/04 BUNNINGS 1141 BRISBANE QL",-695.39,149028.00
07/04/2026,"EFTPOS WOOLWORTHS 3242 MELBOURNE VI",-114.84,148913.16
08/04/2026,"DIRECT CREDIT 492521 PACIFIC FITOUTS",10442.45,159355.61
08/04/2026,"BPAY 503909 AGL ENERGY",-477.73,158877.88
09/04/2026,"VISA PURCHASE 09/04 AWS EMEA AUD",-309.33,158568.55
09/04/2026,"PAYROLL 752245",-15927.89,142640.66
10/04/2026,"VISA PURCHASE 10/04 BUNNINGS 6461 RICHMOND VIC",-360.45,142280.21
10/04/2026,"VISA PURCHASE 10/04 AMPOL GEELONG VIC",-199.65,142080.56
10/04/2026,"DIRECT DEBIT 759605 CGU BUSINESS INSURANCE",-486.00,141594.56
10/04/2026,"TRANSFER 834748",-3543.83,138050.73
13/04/2026,"OSKO PAYMENT FROM HARBOUR CIVIL INV 345949",11790.04,149840.77
13/04/2026,"VISA PURCHASE 13/04 BUNNINGS 4225 MELBOURNE VI",-998.50,148842.27
14/04/2026,"VISA PURCHASE 14/04 BP BRISBANE QL",-139.39,148702.88
15/04/2026,"VISA PURCHASE 15/04 COLES 2861",-49.35,148653.53
16/04/2026,"VISA PURCHASE 16/04 OFFICEWORKS 7934 SYDNEY NS",-79.52,148574.01
17/04/2026,"DIRECT CREDIT 138714 NORTHSIDE BUILDERS",10200.37,158774.38
17/04/2026,"VISA PURCHASE 17/04 MICROSOFT 365",-91.23,158683.15
17/04/2026,"DIRECT DEBIT 317223",-223.14,158460.01
18/04/2026,"VISA PURCHASE 18/04 BAKERS DELIGHT 1486",-43.46,158416.55
20/04/2026,"ACCOUNT KEEPING FEE",-10.00,158406.55
21/04/2026,"DIRECT CREDIT 380163 HARBOUR CIVIL",6248.05,164654.60
21/04/2026,"VISA PURCHASE 21/04 MITRE 10 GEELONG VIC",-75.34,164579.26
21/04/2026,"DIRECT DEBIT 541346 NRMA INSURANCE",-142.00,164437.26
21/04/2026,"INTERNATIONAL TRANSACTION FEE",-3.27,164433.99
21/04/2026,"TRANSFER TO TRUE LINE PLUMBING CONTRACTING",-2245.29,162188.70
22/04/2026,"EFTPOS BUNNINGS WAREHOUSE 4041",-1647.77,160540.93
22/04/2026,"LOAN REPAYMENT 442126 EQUIPMENT FINANCE",-1840.00,158700.93
23/04/2026,"DIRECT DEBIT 899716 REECE PLUMBING",-1153.14,157547.79
23/04/2026,"VISA PURCHASE 23/04 COLES 4076",-56.30,157491.49
24/04/2026,"TRANSFER TO 650626 YARD RENT MONTHLY",-3300.00,154191.49
25/04/2026,"VISA PURCHASE 25/04 AMPOL PENRITH NSW",-65.12,154126.37
26/04/2026,"EFTPOS BUNNINGS WAREHOUSE 6911",-1198.88,152927.49
27/04/2026,"VISA PURCHASE 27/04 COLES 4181",-160.76,152766.73
28/04/2026,"DEPOSIT K&L DEVELOPMENTS PROGRESS CLAIM 123725",9176.81,161943.54
28/04/2026,"EFTPOS ULTRA TUNE SPRINGVALE",-653.87,161289.67
29/04/2026,"OSKO PAYMENT FROM NORTHSIDE BUILDERS INV 997770",12273.18,173562.85
30/04/2026,"EFTPOS BUNNINGS WAREHOUSE 6801",-2019.93,171542.92
30/04/2026,"VISA PURCHASE 30/04 BP RICHMOND VIC",-110.54,171432.38
30/04/2026,"TRANSFER TO TRUE LINE PLUMBING CONTRACTING",-1729.59,169702.79
01/05/2026,"EFTPOS TRADELINK 1769 PARRAMATTA",-316.69,169386.10
02/05/2026,"VISA PURCHASE 02/05 AMPOL PARRAMATTA",-182.22,169203.88
03/05/2026,"DIRECT DEBIT 212566 REECE PLUMBING",-2136.10,167067.78
04/05/2026,"EFTPOS BUNNINGS WAREHOUSE 7515",-586.00,166481.78
04/05/2026,"VISA PURCHASE 04/05 MICROSOFT 365",-260.19,166221.59
05/05/2026,"DIRECT DEBIT 351642 TELSTRA CORP",-248.25,165973.34
05/05/2026,"TRANSFER TO TRUE LINE PLUMBING CONTRACTING",-3824.28,162149.06
06/05/2026,"OSKO PAYMENT FROM CENTENNIAL GROUP INV 891679",4998.48,167147.54
06/05/2026,"VISA PURCHASE 06/05 XERO.COM",-70.00,167077.54
06/05/2026,"VISA PURCHASE 06/05 OFFICEWORKS 2987 BLACKTOWN",-405.77,166671.77
06/05/2026,"ACCOUNT KEEPING FEE",-10.00,166661.77
08/05/2026,"EFTPOS WOOLWORTHS 6644 GEELONG VIC",-35.24,166626.53
10/05/2026,"OSKO PAYMENT FROM CENTENNIAL GROUP INV 624384",14717.29,181343.82
11/05/2026,"TRANSFER TO SOUTHERN CONCRETING CONTRACTING",-6736.05,174607.77
12/05/2026,"VISA PURCHASE 12/05 BUNNINGS 2347 BLACKTOWN",-1447.22,173160.55
12/05/2026,"DIRECT DEBIT 802963 NRMA INSURANCE",-142.00,173018.55
12/05/2026,"INTEREST CHARGED",-568.77,172449.78
13/05/2026,"VISA PURCHASE 13/05 AMPOL GEELONG VIC",-81.98,172367.80
13/05/2026,"BPAY 267195 ATO BUSINESS ACTIVITY STATEMENT",-11451.89,160915.91
14/05/2026,"CREDIT INTEREST PAID",15.03,160930.94
14/05/2026,"LOAN REPAYMENT 722801 EQUIPMENT FINANCE",-1840.00,159090.94
15/05/2026,"DIRECT CREDIT 596799 PACIFIC FITOUTS",17444.10,176535.04
16/05/2026,"EFTPOS BUNNINGS WAREHOUSE 9395",-496.27,176038.77
16/05/2026,"VISA PURCHASE 16/05 BAKERS DELIGHT 6346",-53.48,175985.29
17/05/2026,"TFR 532094",-465.57,175519.72
18/05/2026,"EFTPOS TRADELINK 4938 SYDNEY NS",-496.78,175022.94
19/05/2026,"DIRECT DEBIT 671618 AUSTRALIANSUPER SGC",-1945.78,173077.16
20/05/2026,"VISA PURCHASE 20/05 BUNNINGS 2934 BRISBANE QL",-1940.32,171136.84
20/05/2026,"VISA PURCHASE 20/05 BP NEWCASTLE",-178.39,170958.45
20/05/2026,"OSKO PAYMENT TO SOUTHERN CONCRETING PTY LTD 360673",-5989.87,164968.58
21/05/2026,"OSKO PAYMENT FROM ATLAS PROPERTY GRP INV 369202",14058.62,179027.20
22/05/2026,"VISA PURCHASE 22/05 OFFICEWORKS 9309 SPRINGVALE",-294.89,178732.31
22/05/2026,"TRANSFER TO 405390 YARD RENT MONTHLY",-3300.00,175432.31
22/05/2026,"EFTPOS WOOLWORTHS 5753 MELBOURNE VI",-106.24,175326.07
24/05/2026,"DIRECT DEBIT 173880 REECE PLUMBING",-1738.01,173588.06
25/05/2026,"OSKO PAYMENT FROM WESTFIELD RETAIL INV 750819",12050.05,185638.11
25/05/2026,"VISA PURCHASE 25/05 BUNNINGS 4730 BRISBANE QL",-1023.65,184614.46
25/05/2026,"VISA PURCHASE 25/05 MITRE 10 MELBOURNE VI",-736.75,183877.71
25/05/2026,"VISA PURCHASE 25/05 AMPOL BLACKTOWN",-164.93,183712.78
25/05/2026,"VISA PURCHASE 25/05 BAKERS DELIGHT 9144",-28.78,183684.00
25/05/2026,"TRANSFER TO J MCKENZIE CONTRACTING",-3657.35,180026.65
26/05/2026,"PAYROLL 733116",-14395.59,165631.06
27/05/2026,"EFTPOS BUNNINGS WAREHOUSE 2810",-2280.85,163350.21
27/05/2026,"BPAY 646866 AGL ENERGY",-448.45,162901.76
27/05/2026,"EFTPOS 1462 PENRITH NSW",-436.50,162465.26
28/05/2026,"VISA PURCHASE 28/05 AWS EMEA AUD",-252.42,162212.84
30/05/2026,"DIRECT DEBIT 205271",-109.87,162102.97
01/06/2026,"OSKO PAYMENT FROM WESTFIELD RETAIL INV 331240",7063.56,169166.53
01/06/2026,"VISA PURCHASE 01/06 MITRE 10 SYDNEY NS",-678.65,168487.88
01/06/2026,"VISA PURCHASE 01/06 AMPOL NEWCASTLE",-100.80,168387.08
02/06/2026,"EFTPOS BUNNINGS WAREHOUSE 7555",-1323.51,167063.57
02/06/2026,"TRANSFER TO SOUTHERN CONCRETING CONTRACTING",-3060.16,164003.41
04/06/2026,"VISA PURCHASE 04/06 AMPOL PENRITH NSW",-60.32,163943.09
04/06/2026,"VISA PURCHASE 04/06 AWS EMEA AUD",-239.60,163703.49
04/06/2026,"VISA PURCHASE 04/06 COLES 5669",-175.79,163527.70
04/06/2026,"PAYROLL 835776",-16013.01,147514.69
04/06/2026,"BPAY 369631 BLACKTOWN CITY COUNCIL RATES",-930.75,146583.94
04/06/2026,"TRANSFER TO D PATEL CARPENTRY CONTRACTING",-8098.04,138485.90
05/06/2026,"VISA PURCHASE 05/06 BUNNINGS 4885 PARRAMATTA",-510.89,137975.01
07/06/2026,"DIRECT CREDIT 981194 ATLAS PROPERTY GRP",18354.93,156329.94
08/06/2026,"EFTPOS WOOLWORTHS 8294 NEWCASTLE",-134.57,156195.37
08/06/2026,"ACCOUNT KEEPING FEE",-10.00,156185.37
09/06/2026,"VISA PURCHASE 09/06 AMPOL BRISBANE QL",-80.86,156104.51
09/06/2026,"INTERNATIONAL TRANSACTION FEE",-2.63,156101.88
10/06/2026,"DEPOSIT MERIDIAN CONSTRUCTIONS PROGRESS CLAIM 406260",20708.67,176810.55
10/06/2026,"VISA PURCHASE 10/06 BUNNINGS 4123 RICHMOND VIC",-1341.93,175468.62
10/06/2026,"EFTPOS TRADELINK 6968 PENRITH NSW",-1460.39,174008.23
10/06/2026,"TRANSFER TO 431145 YARD RENT MONTHLY",-3300.00,170708.23
11/06/2026,"OSKO PAYMENT FROM HARBOUR CIVIL INV 189471",4582.47,175290.70
11/06/2026,"OSKO PAYMENT TO J MCKENZIE PTY LTD 998094",-4865.85,170424.85
14/06/2026,"VISA PURCHASE 14/06 OFFICEWORKS 9814 SPRINGVALE",-91.37,170333.48
15/06/2026,"VISA PURCHASE 15/06 AMPOL PENRITH NSW",-140.34,170193.14
15/06/2026,"DIRECT DEBIT 682444 NRMA INSURANCE",-142.00,170051.14
16/06/2026,"DIRECT CREDIT 110622 ATLAS PROPERTY GRP",6007.44,176058.58
16/06/2026,"VISA PURCHASE 16/06 COLES 3521",-155.34,175903.24
17/06/2026,"VISA PURCHASE 17/06 AWS EMEA AUD",-25.84,175877.40
18/06/2026,"EFTPOS BUNNINGS WAREHOUSE 7778",-86.44,175790.96
18/06/2026,"VISA PURCHASE 18/06 BP GEELONG VIC",-149.61,175641.35
18/06/2026,"EFTPOS 8577 BLACKTOWN",-513.67,175127.68
19/06/2026,"VISA PURCHASE 19/06 BUNNINGS 1896 SYDNEY NS",-331.28,174796.40
19/06/2026,"TRANSFER 676471",-3050.18,171746.22
22/06/2026,"VISA PURCHASE 22/06 BP MELBOURNE VI",-127.19,171619.03
22/06/2026,"TRANSFER TO D PATEL CARPENTRY CONTRACTING",-3182.27,168436.76
23/06/2026,"CREDIT INTEREST PAID",6.26,168443.02
23/06/2026,"PAYMENT A NGUYEN",-2299.06,166143.96
24/06/2026,"OSKO PAYMENT FROM REDGUM PROJECTS INV 162653",4965.33,171109.29
24/06/2026,"DIRECT DEBIT 896616 TELSTRA CORP",-214.13,170895.16
24/06/2026,"INTEREST CHARGED",-488.88,170406.28
25/06/2026,"EFTPOS BUNNINGS WAREHOUSE 1148",-192.90,170213.38
26/06/2026,"VISA PURCHASE 26/06 MITRE 10 GEELONG VIC",-49.88,170163.50
27/06/2026,"OSKO PAYMENT FROM NORTHSIDE BUILDERS INV 734931",7648.90,177812.40
29/06/2026,"VISA PURCHASE 29/06 BP PARRAMATTA",-184.72,177627.68
29/06/2026,"PAYROLL 630425",-15130.40,162497.28
29/06/2026,"TRANSFER TO SOUTHERN CONCRETING CONTRACTING",-7371.41,155125.87
